{"learner":{"attributes":{"best_iteration":"18","best_score":"0.01174145790469428","scikit_learn":"{\"_estimator_type\": \"regressor\"}"},"feature_names":["peak rot acc resultant","peak lin acc resultant","peak rot vel resultant"],"feature_types":["float","float","float"],"gradient_booster":{"model":{"gbtree_model_param":{"num_parallel_tree":"1","num_trees":"19"},"iteration_indptr":[0,1,2,3,4,5,6,7,8,9,10,11,12,13,14,15,16,17,18,19],"tree_info":[0,0,0,0,0,0,0,0,0,0,0,0,0,0,0,0,0,0,0],"trees":[{"base_weights":[-2.173086E-9,-2.4171839E-2,2.5113594E-2,-1.1160117E-2,-4.8102085E-3,4.5221844E-3,2.0764587E-2],"categories":[],"categories_nodes":[],"categories_segments":[],"categories_sizes":[],"default_left":[0,0,0,0,0,0,0],"id":0,"left_children":[1,3,5,-1,-1,-1,-1],"loss_changes":[9.530555E-2,7.885437E-3,3.3049587E-2,0E0,0E0,0E0,0E0],"parents":[2147483647,0,0,1,1,2,2],"right_children":[2,4,6,-1,-1,-1,-1],"split_conditions":[5.2030506E0,4.1680965E0,7.82595E0,-1.1160117E-2,-4.8102085E-3,4.5221844E-3,2.0764587E-2],"split_indices":[0,0,0,0,0,0,0],"split_type":[0,0,0,0,0,0,0],"sum_hessian":[1.55E2,7.9E1,7.6E1,2.9E1,5E1,6.3E1,1.3E1],"tree_param":{"num_deleted":"0","num_feature":"3","num_nodes":"7","size_leaf_vector":"1"}},{"base_weights":[5.97202E-5,-1.3033977E-2,2.5033629E-2,-7.1991906E-3,-1.707668E-3,4.135064E-3,1.3509606E-2],"categories":[],"categories_nodes":[],"categories_segments":[],"categories_sizes":[],"default_left":[0,0,0,0,0,0,0],"id":1,"left_children":[1,3,5,-1,-1,-1,-1],"loss_changes":[5.1338416E-2,8.153871E-3,1.1528406E-2,0E0,0E0,0E0,0E0],"parents":[2147483647,0,0,1,1,2,2],"right_children":[2,4,6,-1,-1,-1,-1],"split_conditions":[5.9219975E0,4.399869E0,7.261991E0,-7.1991906E-3,-1.707668E-3,4.135064E-3,1.3509606E-2],"split_indices":[0,0,0,0,0,0,0],"split_type":[0,0,0,0,0,0,0],"sum_hessian":[1.55E2,1.02E2,5.3E1,4E1,6.2E1,3.5E1,1.8E1],"tree_param":{"num_deleted":"0","num_feature":"3","num_nodes":"7","size_leaf_vector":"1"}},{"base_weights":[9.78142E-5,-6.822075E-3,2.5128655E-2,-4.349239E-3,6.958672E-4,5.268247E-3,1.4258702E-2],"categories":[],"categories_nodes":[],"categories_segments":[],"categories_sizes":[],"default_left":[0,0,0,0,0,0,0],"id":2,"left_children":[1,3,5,-1,-1,-1,-1],"loss_changes":[2.719229E-2,8.663993E-3,4.929103E-3,0E0,0E0,0E0,0E0],"parents":[2147483647,0,0,1,1,2,2],"right_children":[2,4,6,-1,-1,-1,-1],"split_conditions":[6.425143E0,5.0211525E0,8.748596E0,-4.349239E-3,6.958672E-4,5.268247E-3,1.4258702E-2],"split_indices":[0,0,0,0,0,0,0],"split_type":[0,0,0,0,0,0,0],"sum_hessian":[1.55E2,1.22E2,3.3E1,6.6E1,5.6E1,2.6E1,7E0],"tree_param":{"num_deleted":"0","num_feature":"3","num_nodes":"7","size_leaf_vector":"1"}},{"base_weights":[1.70223E-4,-8.345131E-3,1.1312815E-2,-5.654151E-3,-1.5083743E-3,2.6116031E-3,1.272777E-2],"categories":[],"categories_nodes":[],"categories_segments":[],"categories_sizes":[],"default_left":[0,0,0,0,0,0,0],"id":3,"left_children":[1,3,5,-1,-1,-1,-1],"loss_changes":[1.4896174E-2,3.0057784E-3,5.14727E-3,0E0,0E0,0E0,0E0],"parents":[2147483647,0,0,1,1,2,2],"right_children":[2,4,6,-1,-1,-1,-1],"split_conditions":[5.559705E0,3.790293E0,9.138753E0,-5.654151E-3,-1.5083743E-3,2.6116031E-3,1.272777E-2],"split_indices":[0,0,0,0,0,0,0],"split_type":[0,0,0,0,0,0,0],"sum_hessian":[1.55E2,8.8E1,6.7E1,2E1,6.8E1,6.3E1,4E0],"tree_param":{"num_deleted":"0","num_feature":"3","num_nodes":"7","size_leaf_vector":"1"}},{"base_weights":[1.7157408E-4,-3.7737875E-3,1.4439454E-2,-1.8988528E-3,1.3079796E-3,2.9918472E-3,8.31282E-3],"categories":[],"categories_nodes":[],"categories_segments":[],"categories_sizes":[],"default_left":[0,0,0,0,0,0,0],"id":4,"left_children":[1,3,5,-1,-1,-1,-1],"loss_changes":[8.836035E-3,2.5844614E-3,1.7389054E-3,0E0,0E0,0E0,0E0],"parents":[2147483647,0,0,1,1,2,2],"right_children":[2,4,6,-1,-1,-1,-1],"split_conditions":[6.425143E0,2.6527948E1,8.748596E0,-1.8988528E-3,1.3079796E-3,2.9918472E-3,8.31282E-3],"split_indices":[0,2,0,0,0,0,0],"split_type":[0,0,0,0,0,0,0],"sum_hessian":[1.55E2,1.22E2,3.3E1,9.3E1,2.9E1,2.6E1,7E0],"tree_param":{"num_deleted":"0","num_feature":"3","num_nodes":"7","size_leaf_vector":"1"}},{"base_weights":[1.8878032E-4,-4.140786E-3,7.3770634E-3,-4.9786223E-3,-8.084594E-4,1.0414646E-3,6.7153107E-3],"categories":[],"categories_nodes":[],"categories_segments":[],"categories_sizes":[],"default_left":[0,0,0,0,0,0,0],"id":5,"left_children":[1,3,5,-1,-1,-1,-1],"loss_changes":[4.885602E-3,1.7201012E-3,3.3803561E-3,0E0,0E0,0E0,0E0],"parents":[2147483647,0,0,1,1,2,2],"right_children":[2,4,6,-1,-1,-1,-1],"split_conditions":[2.5983746E1,3.2542276E0,7.82595E0,-4.9786223E-3,-8.084594E-4,1.0414646E-3,6.7153107E-3],"split_indices":[2,0,0,0,0,0,0],"split_type":[0,0,0,0,0,0,0],"sum_hessian":[1.55E2,9.7E1,5.8E1,9E0,8.8E1,4.7E1,1.1E1],"tree_param":{"num_deleted":"0","num_feature":"3","num_nodes":"7","size_leaf_vector":"1"}},{"base_weights":[1.4477377E-4,-4.134015E-3,4.4765626E-3,-5.0940723E-3,-9.66744E-4,1.0056731E-3,6.0663535E-3],"categories":[],"categories_nodes":[],"categories_segments":[],"categories_sizes":[],"default_left":[0,0,0,0,0,0,0],"id":6,"left_children":[1,3,5,-1,-1,-1,-1],"loss_changes":[2.9099367E-3,8.703546E-4,1.3129676E-3,0E0,0E0,0E0,0E0],"parents":[2147483647,0,0,1,1,2,2],"right_children":[2,4,6,-1,-1,-1,-1],"split_conditions":[5.1984286E0,2.775409E0,9.138753E0,-5.0940723E-3,-9.66744E-4,1.0056731E-3,6.0663535E-3],"split_indices":[0,0,0,0,0,0,0],"split_type":[0,0,0,0,0,0,0],"sum_hessian":[1.55E2,7.8E1,7.7E1,4E0,7.4E1,7.3E1,4E0],"tree_param":{"num_deleted":"0","num_feature":"3","num_nodes":"7","size_leaf_vector":"1"}},{"base_weights":[1.0782333E-4,-1.6783081E-3,6.566245E-3,-2.2053882E-3,-4.683148E-5,2.4692114E-3,-2.3924613E-3],"categories":[],"categories_nodes":[],"categories_segments":[],"categories_sizes":[],"default_left":[0,0,0,0,0,0,0],"id":7,"left_children":[1,3,5,-1,-1,-1,-1],"loss_changes":[1.8105723E-3,1.061011E-3,8.8854367E-4,0E0,0E0,0E0,0E0],"parents":[2147483647,0,0,1,1,2,2],"right_children":[2,4,6,-1,-1,-1,-1],"split_conditions":[6.425143E0,1.9007853E1,1.8884955E2,-2.2053882E-3,-4.683148E-5,2.4692114E-3,-2.3924613E-3],"split_indices":[0,2,1,0,0,0,0],"split_type":[0,0,0,0,0,0,0],"sum_hessian":[1.55E2,1.22E2,3.3E1,2.5E1,9.7E1,3E1,3E0],"tree_param":{"num_deleted":"0","num_feature":"3","num_nodes":"7","size_leaf_vector":"1"}},{"base_weights":[6.1531944E-5,-9.656538E-4,7.0946775E-3,-1.8085149E-3,3.25964E-5,4.223749E-3,1.5101806E-3],"categories":[],"categories_nodes":[],"categories_segments":[],"categories_sizes":[],"default_left":[0,0,0,0,0,0,0],"id":8,"left_children":[1,3,5,-1,-1,-1,-1],"loss_changes":[1.1338491E-3,7.457888E-4,2.1699083E-4,0E0,0E0,0E0,0E0],"parents":[2147483647,0,0,1,1,2,2],"right_children":[2,4,6,-1,-1,-1,-1],"split_conditions":[3.0102455E1,3.8931262E0,5.9335012E0,-1.8085149E-3,3.25964E-5,4.223749E-3,1.5101806E-3],"split_indices":[2,0,0,0,0,0,0],"split_type":[0,0,0,0,0,0,0],"sum_hessian":[1.55E2,1.36E2,1.9E1,2.3E1,1.13E2,3E0,1.6E1],"tree_param":{"num_deleted":"0","num_feature":"3","num_nodes":"7","size_leaf_vector":"1"}},{"base_weights":[6.844398E-5,-6.749434E-4,7.656726E-3,-1.1723005E-3,9.911953E-5,3.2502138E-3,-2.2814386E-3],"categories":[],"categories_nodes":[],"categories_segments":[],"categories_sizes":[],"default_left":[0,0,0,0,0,0,0],"id":9,"left_children":[1,3,5,-1,-1,-1,-1],"loss_changes":[8.85169E-4,4.6604016E-4,7.6126104E-4,0E0,0E0,0E0,0E0],"parents":[2147483647,0,0,1,1,2,2],"right_children":[2,4,6,-1,-1,-1,-1],"split_conditions":[7.82595E0,2.0109093E1,1.8884955E2,-1.1723005E-3,9.911953E-5,3.2502138E-3,-2.2814386E-3],"split_indices":[0,2,1,0,0,0,0],"split_type":[0,0,0,0,0,0,0],"sum_hessian":[1.55E2,1.42E2,1.3E1,3.3E1,1.09E2,1.1E1,2E0],"tree_param":{"num_deleted":"0","num_feature":"3","num_nodes":"7","size_leaf_vector":"1"}},{"base_weights":[4.724018E-5,-2.95956E-4,3.141287E-3,-1.8603029E-3,7.63453E-5],"categories":[],"categories_nodes":[],"categories_segments":[],"categories_sizes":[],"default_left":[0,0,0,0,0],"id":10,"left_children":[1,3,-1,-1,-1],